obj,running_time,gap
6380.017342331779,3600.1139998435974,0.032759682169161246
