obj,running_time,gap
7144.879354332864,3600.109999895096,0.10205485424521038
