obj,running_time,gap
5537.877745530291,3600.0750000476837,0.1587989696639885
