obj,running_time,gap
7292.733838294931,3600.0640001296997,0.1308359941902301
