obj,running_time,gap
12270.196175647427,3600.143000125885,8.149828948820598e32
