obj,running_time,gap
10368.06139633532,3600.1370000839233,9.645004613431869e32
