obj,running_time,gap
11440.793129640126,3600.1159999370575,8.740652756051071e32
