obj,running_time,gap
10593.232005286472,3600.1470000743866,9.439989603748393e32
