obj,running_time,gap
11997.81830844852,3600.210000038147,8.334848672410884e32
