obj,running_time,gap
8893.235935312665,3600.1009998321533,1.1244500958635943e33
