obj,running_time,gap
11053.999797249093,3600.1870000362396,9.046499170814638e32
