obj,running_time,gap
12766.02325216894,3600.0979998111725,7.833292954641084e32
