obj,running_time,gap
6812.59960788932,3600.0620000362396,0.11808997565837949
