obj,running_time,gap
12526.379819142016,3600.1480000019073,7.983152470531475e32
