obj,running_time,gap
5793.414789216704,3600.059000015259,0.2154695317483228
