obj,running_time,gap
6918.701445627178,3600.0499999523163,0.09408234752528882
