obj,running_time,gap
6359.943285334423,3600.111000061035,1.5723410652197372e33
