obj,running_time,gap
7272.68679554594,3600.1340000629425,0.07572422928837898
