obj,running_time,gap
7844.3277983627595,0.0007843,0.0
