obj,running_time,gap
29020.65722984014,0.001091,0.0
