obj,running_time,gap
6531.169725650972,0.000618,0.0
