obj,running_time,gap
6805.941600592231,0.0007516,0.0
