obj,running_time,gap
53022.71581068206,0.001949,0.0
