obj,running_time,gap
91662.07466700928,0.0049369,0.0
