obj,running_time,gap
15038.92213041563,0.0008045,0.0
