obj,running_time,gap
7922.924697408809,0.0008361,0.0
