obj,running_time,gap
6601.919008676701,0.000785,0.0
