obj,running_time,gap
8661.72704060798,0.0005295,0.0
