obj,running_time,gap
7760.535275476014,0.0006205,0.0
