obj,running_time,gap
55249.22787111155,0.0016263,0.0
