obj,running_time,gap
20712.26681772364,0.0016903,0.0
