obj,running_time,gap
47402.80312670563,0.0027374,0.0
