obj,running_time,gap
7976.842725339408,0.0009254,0.0
