obj,running_time,gap
6396.800473703514,0.0006484,0.0
