obj,running_time,gap
55077.28598475766,0.0004419,0.0
