obj,running_time,gap
64692.067986295726,0.0016253,0.0
