obj,running_time,gap
14423.980837614441,0.0007741,0.0
