obj,running_time,gap
22390.983244008596,0.0017431,0.0
