obj,running_time,gap
23175.984620661504,0.0016945,0.0
