obj,running_time,gap
6918.701445627178,0.0003123,0.0
