obj,running_time,gap
8024.193296963791,0.0006097,0.0
