obj,running_time,gap
67016.00639737329,0.0017366,0.0
