obj,running_time,gap
6863.762504323247,0.0007363,0.0
