obj,running_time,gap
8352.438931711342,0.0006922,0.0
