obj,running_time,gap
5755.065522189261,0.0006667,0.0
