obj,running_time,gap
7209.010405138244,0.0008091,0.0
