obj,running_time,gap
23808.725439107,0.0018058,0.0
