obj,running_time,gap
6750.7627290128385,0.0003303,0.0
