obj,running_time,gap
27223.854415601912,0.0004137,0.0
