obj,running_time,gap
7863.153156918348,0.0002708,0.0
