obj,running_time,gap
53512.678659777324,0.0003918,0.0
