obj,running_time,gap
6630.10266161756,0.0003207,0.0
