obj,running_time,gap
6286.658535716484,0.0006786,0.0
