obj,running_time,gap
5793.414789216704,0.0007992,0.0
