obj,running_time,gap
53457.745392261866,0.0003752,0.0
