obj,running_time,gap
8205.894607553046,0.0005995,0.0
