obj,running_time,gap
6767.539033623621,0.0001984,0.0
