obj,running_time,gap
7070.786754558862,0.000252,0.0
