obj,running_time,gap
6381.71970293103,0.0007693,0.0
