obj,running_time,gap
7381.564145683464,0.0008404,0.0
