obj,running_time,gap
55235.17219326343,0.0004436,0.0
