obj,running_time,gap
12150.155550602427,0.0011384,0.0
