obj,running_time,gap
29668.092713518698,0.0001512,0.0
