obj,running_time,gap
28120.485976103704,0.0010547,0.0
