obj,running_time,gap
30169.144651895538,0.0010267,0.0
