obj,running_time,gap
14427.981114849643,0.0009536,0.0
