obj,running_time,gap
13336.966493710237,0.001603,0.0
