obj,running_time,gap
85569.63953960023,0.0048295,0.0
