obj,running_time,gap
90983.33263249957,0.005689,0.0
