obj,running_time,gap
7805.440768208622,0.0008758,0.0
