obj,running_time,gap
5242.664467880413,0.0005676,0.0
