obj,running_time,gap
27496.87126342825,0.0013098,0.0
