obj,running_time,gap
52217.59035496285,0.000429,0.0
