obj,running_time,gap
8024.193296963791,0.0001953,0.0
