obj,running_time,gap
7760.535275476014,0.0005499,0.0
