obj,running_time,gap
16657.892244838815,0.0003702,0.0
