obj,running_time,gap
132693.81098917476,0.0063872,0.0
