obj,running_time,gap
23016.27612661933,0.0016592,0.0
