obj,running_time,gap
107209.71115562944,0.002687,0.0
