obj,running_time,gap
17973.24586244145,0.000387,0.0
