obj,running_time,gap
61158.80163067413,0.0016264,0.0
