obj,running_time,gap
6997.265074419675,0.0001333,0.0
