obj,running_time,gap
7100.505516777966,0.0006699,0.0
