obj,running_time,gap
7744.63458969516,0.0001317,0.0
