obj,running_time,gap
7696.292212350594,0.0006583,0.0
