obj,running_time,gap
17021.905916368112,0.0001759,0.0
