obj,running_time,gap
8574.445631760755,0.0004133,0.0
