obj,running_time,gap
7744.63458969516,0.0005954,0.0
