obj,running_time,gap
6767.539033623621,0.000608,0.0
