obj,running_time,gap
86990.28356924512,0.0051185,0.0
