obj,running_time,gap
7462.408025014535,0.0011499,0.0
