obj,running_time,gap
6630.10266161756,0.0005138,0.0
