obj,running_time,gap
7858.626726343902,0.0002656,0.0
