obj,running_time,gap
5371.905605885514,0.0003326,0.0
