obj,running_time,gap
16702.83972293769,0.0007856,0.0
