obj,running_time,gap
5399.685659022344,0.0003122,0.0
