obj,running_time,gap
11234.544242600212,0.0001548,0.0
