obj,running_time,gap
7678.430896826186,0.0002356,0.0
