obj,running_time,gap
6923.162459651818,0.0005895,0.0
