obj,running_time,gap
30523.903658494266,0.001108,0.0
