obj,running_time,gap
32091.46971020917,0.0010736,0.0
