obj,running_time,gap
7863.153156918348,0.0007934,0.0
