obj,running_time,gap
28655.39379694126,0.0010781,0.0
