obj,running_time,gap
34088.59235932641,0.0011404,0.0
