obj,running_time,gap
6424.282401372186,0.0006231,0.0
