obj,running_time,gap
12366.760337681662,0.0001377,0.0
