obj,running_time,gap
59779.02967864282,0.0017366,0.0
