obj,running_time,gap
22461.087578815663,0.0016931,0.0
