obj,running_time,gap
41482.71144030655,0.0026658,0.0
