obj,running_time,gap
59367.6881209533,0.0020972,0.0
