obj,running_time,gap
7320.023256127246,0.0006789,0.0
