obj,running_time,gap
6612.097694744932,0.0006938,0.0
