obj,running_time,gap
9534.77799435851,0.0002061,0.0
