obj,running_time,gap
7416.904602782504,0.0006046,0.0
