obj,running_time,gap
30524.202842397423,0.0011331,0.0
