obj,running_time,gap
8671.490234841123,0.0008029,0.0
