obj,running_time,gap
11675.411917311372,0.0003339,0.0
