obj,running_time,gap
12277.759696827554,0.0011729,0.0
