obj,running_time,gap
6611.892440289953,0.0005697,0.0
