obj,running_time,gap
13506.860602733777,0.0011428,0.0
