obj,running_time,gap
5408.6464698424625,0.0005281,0.0
