obj,running_time,gap
6767.709985235071,0.0006817,0.0
