obj,running_time,gap
8004.783180062739,0.0008832,0.0
