obj,running_time,gap
7519.619246694449,0.0007923,0.0
