obj,running_time,gap
7744.63458969516,0.0009751,0.0
