obj,running_time,gap
15271.597724190606,0.0001446,0.0
