obj,running_time,gap
6101.349127430408,0.0005458,0.0
