obj,running_time,gap
7400.025609909973,0.0002221,0.0
