obj,running_time,gap
6238.123260008072,0.0002455,0.0
