obj,running_time,gap
28661.532256075967,0.00029,0.0
