obj,running_time,gap
6812.59960788932,0.0125591,0.0
