obj,running_time,gap
13101.453431316291,0.0010816,0.0
