obj,running_time,gap
5557.176402991906,0.0005804,0.0
