obj,running_time,gap
10423.530106247417,0.0001435,0.0
