obj,running_time,gap
7990.024932371038,0.0006312,0.0
