obj,running_time,gap
6381.71970293103,0.000255,0.0
