obj,running_time,gap
53479.37629653226,0.0004933,0.0
