obj,running_time,gap
6611.892440289953,0.0002716,0.0
