obj,running_time,gap
56198.279232064146,0.0016141,0.0
