obj,running_time,gap
115881.68420990625,0.0026411,0.0
