obj,running_time,gap
11791.463520279569,0.0002314,0.0
