obj,running_time,gap
15028.791923618825,0.0008846,0.0
