obj,running_time,gap
6947.982904247678,0.0003098,0.0
