obj,running_time,gap
7043.511312757911,0.0006009,0.0
