obj,running_time,gap
7167.088471283666,0.0006633,0.0
