obj,running_time,gap
131420.0030029571,0.0033835,0.0
