obj,running_time,gap
17439.032676726583,0.0003734,0.0
