obj,running_time,gap
9932.611148660455,0.0001404,0.0
