obj,running_time,gap
12186.472986906254,0.0001406,0.0
