obj,running_time,gap
7264.772643772956,0.0009035,0.0
