obj,running_time,gap
6202.8013641630505,0.0007205,0.0
