obj,running_time,gap
30037.215768942468,0.0011171,0.0
