obj,running_time,gap
129004.80113917167,0.0026962,0.0
