obj,running_time,gap
53798.44673299671,0.0003807,0.0
