obj,running_time,gap
17182.616106917856,0.0001412,0.0
