obj,running_time,gap
8112.807721743729,0.0007477,0.0
