obj,running_time,gap
17115.495833848596,0.0008691,0.0
