obj,running_time,gap
5642.528620820982,0.0002364,0.0
