obj,running_time,gap
6086.974093304449,0.000133,0.0
