obj,running_time,gap
11173.187034930932,0.0013261,0.0
