obj,running_time,gap
7666.567061673683,0.0006574,0.0
