obj,running_time,gap
45442.15205427533,0.0026633,0.0
