obj,running_time,gap
7165.191847642427,0.0006078,0.0
