obj,running_time,gap
31970.538964434192,0.0013101,0.0
