obj,running_time,gap
8068.916676451149,0.0007403,0.0
