obj,running_time,gap
8353.860430675271,0.0006419,0.0
