obj,running_time,gap
29789.818678455405,0.0003233,0.0
