obj,running_time,gap
22003.124501345967,0.0015944,0.0
