obj,running_time,gap
90596.4339140476,0.004926,0.0
