obj,running_time,gap
84366.59051047088,0.0050157,0.0
