obj,running_time,gap
6997.744001018578,0.000534,0.0
