obj,running_time,gap
7292.733838294931,0.000552,0.0
