obj,running_time,gap
6445.734336037343,0.0002467,0.0
