obj,running_time,gap
11574.127489813312,0.001099,0.0
