obj,running_time,gap
7043.440861612816,0.0009258,0.0
