obj,running_time,gap
6408.922121051608,0.0003813,0.0
