obj,running_time,gap
67913.03571857658,0.0017021,0.0
