obj,running_time,gap
91702.66886637473,0.0057683,0.0
