obj,running_time,gap
8765.32905926828,0.0003486,0.0
