obj,running_time,gap
5755.065522189261,0.000323,0.0
