obj,running_time,gap
15346.635369330535,0.0002972,0.0
