obj,running_time,gap
6359.943285334423,0.0008321,0.0
