obj,running_time,gap
55507.56548350816,0.0015518,0.0
