obj,running_time,gap
18346.279473305316,0.0003281,0.0
