obj,running_time,gap
41567.81955863274,0.0026643,0.0
