obj,running_time,gap
5847.753562100707,0.0005093,0.0
