obj,running_time,gap
14186.358538721015,0.0008008,0.0
