obj,running_time,gap
16198.770831742837,0.0003586,0.0
