obj,running_time,gap
18817.283352855695,0.00082,0.0
