obj,running_time,gap
30212.072353882235,0.0011002,0.0
