obj,running_time,gap
45382.13315572705,0.0026046,0.0
