obj,running_time,gap
35593.96482996536,0.0011068,0.0
