obj,running_time,gap
24331.82467409588,0.0019926,0.0
