obj,running_time,gap
119901.28332055412,0.0026754,0.0
