obj,running_time,gap
7320.023256127246,0.0005631,0.0
