obj,running_time,gap
6381.71970293103,0.0007455,0.0
