obj,running_time,gap
7842.568224153063,0.0001501,0.0
