obj,running_time,gap
18457.842569193683,0.0003679,0.0
