obj,running_time,gap
6571.354308760949,0.0002825,0.0
