obj,running_time,gap
6878.224802182743,0.0007539,0.0
