obj,running_time,gap
52499.8156661454,0.0003674,0.0
