obj,running_time,gap
17142.95880189265,0.0003238,0.0
