obj,running_time,gap
7590.319757957231,0.0001943,0.0
