obj,running_time,gap
7208.250300290899,0.0009064,0.0
