obj,running_time,gap
27663.5060669067,0.0010783,0.0
