obj,running_time,gap
7367.59998679703,0.0011479,0.0
