obj,running_time,gap
6956.103820526759,0.0006019,0.0
