obj,running_time,gap
56170.57696602808,0.0004013,0.0
