obj,running_time,gap
5408.6464698424625,0.00014,0.0
