obj,running_time,gap
6548.789038746818,0.000131,0.0
