obj,running_time,gap
7026.400791302318,0.0002569,0.0
