obj,running_time,gap
23268.142637278892,0.0020204,0.0
