obj,running_time,gap
5382.28986150411,0.0006004,0.0
