obj,running_time,gap
11954.827995903132,0.0003235,0.0
