obj,running_time,gap
6805.941600592231,0.000203,0.0
