obj,running_time,gap
7666.567061673683,0.0002869,0.0
