obj,running_time,gap
91759.9397773899,0.0046869,0.0
