obj,running_time,gap
43963.170226209186,0.0035235,0.0
