obj,running_time,gap
108705.42333981287,0.0033988,0.0
