obj,running_time,gap
7521.718590350797,0.0007889,0.0
