obj,running_time,gap
53719.03097099658,0.0003772,0.0
