obj,running_time,gap
8024.193296963791,0.000544,0.0
