obj,running_time,gap
54110.19386765349,0.0004373,0.0
