obj,running_time,gap
16581.104632904517,0.0001421,0.0
