obj,running_time,gap
5327.642098967755,0.0005555,0.0
