obj,running_time,gap
53298.55761221636,0.0003651,0.0
