obj,running_time,gap
7709.654633146188,0.000704,0.0
