obj,running_time,gap
27383.872560487493,0.000352,0.0
