obj,running_time,gap
7264.772643772956,0.0001319,0.0
