obj,running_time,gap
12679.54422445663,0.0011453,0.0
