obj,running_time,gap
86298.90728776694,0.0052007,0.0
