obj,running_time,gap
29764.028225881775,0.0003129,0.0
