obj,running_time,gap
15497.400386452548,0.0008373,0.0
