obj,running_time,gap
24032.330392532418,0.0015723,0.0
