obj,running_time,gap
7015.79880469112,0.0001616,0.0
