obj,running_time,gap
28984.905506409697,0.0002898,0.0
