obj,running_time,gap
118022.02906818957,0.0029622,0.0
