obj,running_time,gap
12762.655960482269,0.000298,0.0
