obj,running_time,gap
29219.58627346534,0.0001736,0.0
