obj,running_time,gap
6202.8013641630505,0.0001881,0.0
