obj,running_time,gap
8304.54561044605,0.0006392,0.0
