obj,running_time,gap
7462.408025014535,0.000817,0.0
