obj,running_time,gap
5719.640586638169,0.0006461,0.0
