obj,running_time,gap
7521.718590350797,0.00056,0.0
