obj,running_time,gap
7117.358064286305,0.0008111,0.0
