obj,running_time,gap
91930.11619582491,0.0047394,0.0
