obj,running_time,gap
5382.577922127531,0.0004796,0.0
