obj,running_time,gap
5867.544338805186,0.0007528,0.0
