obj,running_time,gap
7678.430896826186,0.000718,0.0
