obj,running_time,gap
7489.479845271497,0.0002376,0.0
