obj,running_time,gap
5793.414789216704,0.0001587,0.0
