obj,running_time,gap
32524.678361037593,0.0011104,0.0
