obj,running_time,gap
6707.012051335577,0.0006929,0.0
