obj,running_time,gap
6961.061108904303,0.0006492,0.0
