obj,running_time,gap
7144.879354332864,0.0025954,0.0
