obj,running_time,gap
30345.92513846667,0.0003025,0.0
