obj,running_time,gap
7114.459537377513,0.0002629,0.0
