obj,running_time,gap
5382.577922127531,0.0002665,0.0
