obj,running_time,gap
7123.940611194127,0.0007596,0.0
