obj,running_time,gap
5537.877745530291,0.0004383,0.0
