obj,running_time,gap
6465.377740466286,0.0006904,0.0
