obj,running_time,gap
89952.53416050004,0.0048016,0.0
