obj,running_time,gap
64484.719121418646,0.0026021,0.0
