obj,running_time,gap
7221.543368841747,0.0008086,0.0
