obj,running_time,gap
56476.954699427246,0.0017483,0.0
