obj,running_time,gap
9921.259368025509,0.0002974,0.0
