obj,running_time,gap
6601.919008676701,0.0006332,0.0
