obj,running_time,gap
48482.15522331785,0.0026752,0.0
