obj,running_time,gap
114163.41075239395,0.0033897,0.0
