obj,running_time,gap
6380.017342331779,0.0001673,0.0
