obj,running_time,gap
12508.803296836599,0.0011012,0.0
