obj,running_time,gap
5274.096931928278,0.0002608,0.0
