obj,running_time,gap
7026.400791302318,0.0008025,0.0
