obj,running_time,gap
14904.455800157426,0.000934,0.0
