obj,running_time,gap
7295.86562014261,0.0001469,0.0
