obj,running_time,gap
5612.075532577395,0.0008086,0.0
