obj,running_time,gap
7232.3454836963365,0.0002516,0.0
