obj,running_time,gap
7709.654633146188,0.0006785,0.0
