obj,running_time,gap
45797.6209831196,0.0027492,0.0
