obj,running_time,gap
14449.180112084501,0.0007933,0.0
