obj,running_time,gap
7043.511312757911,0.0006977,0.0
