obj,running_time,gap
16747.880313562833,0.0003578,0.0
