obj,running_time,gap
93447.14003266423,0.0047396,0.0
