obj,running_time,gap
51508.15130815171,0.000312,0.0
