obj,running_time,gap
66558.74558324677,0.0017151,0.0
