obj,running_time,gap
112818.44125055833,0.0034137,0.0
