obj,running_time,gap
91482.9762077025,0.0047658,0.0
