obj,running_time,gap
6833.120620454647,0.0014474,0.0
