obj,running_time,gap
7041.46317870842,0.000273,0.0
