obj,running_time,gap
47016.53496658329,0.0027341,0.0
