obj,running_time,gap
6865.027957199327,0.0007659,0.0
