obj,running_time,gap
113511.09253424639,0.0025972,0.0
