obj,running_time,gap
10392.976359923832,0.0003217,0.0
