obj,running_time,gap
5847.753562100707,0.0006377,0.0
