obj,running_time,gap
6883.374616660627,0.0008123,0.0
