obj,running_time,gap
7209.010405138244,0.000613,0.0
