obj,running_time,gap
6404.60975618987,0.0005696,0.0
