obj,running_time,gap
7208.250300290899,0.0007113,0.0
