obj,running_time,gap
6233.963828114157,0.0005766,0.0
