obj,running_time,gap
7398.602935870187,0.0008002,0.0
