obj,running_time,gap
23577.483018958414,0.0017052,0.0
