obj,running_time,gap
55096.79047896844,0.0017544,0.0
