obj,running_time,gap
53482.864962565945,0.0003076,0.0
