obj,running_time,gap
6805.941600592231,0.0006563,0.0
