obj,running_time,gap
30769.953007598633,0.0001441,0.0
