obj,running_time,gap
92499.2498681266,0.0047941,0.0
