obj,running_time,gap
16761.112831277223,0.0003126,0.0
