obj,running_time,gap
7318.261461988151,0.0006717,0.0
