obj,running_time,gap
29130.908266121394,0.0003811,0.0
