obj,running_time,gap
7405.763205334503,0.0002335,0.0
