obj,running_time,gap
7396.757787332247,0.0006631,0.0
