obj,running_time,gap
6424.282401372186,0.0001382,0.0
