obj,running_time,gap
9133.803251309484,0.000304,0.0
