obj,running_time,gap
8390.0272947656,0.0007915,0.0
