obj,running_time,gap
5770.184942068491,0.0007866,0.0
