obj,running_time,gap
7861.725868878575,0.0001776,0.0
