obj,running_time,gap
128238.11893275216,0.0029922,0.0
