obj,running_time,gap
6404.60975618987,0.000823,0.0
