obj,running_time,gap
47432.10798119279,0.0030057,0.0
