obj,running_time,gap
14263.14614494237,0.0009362,0.0
