obj,running_time,gap
91030.47364041427,0.0054761,0.0
