obj,running_time,gap
7842.568224153063,0.000518,0.0
