obj,running_time,gap
30738.383901179368,0.0003185,0.0
