obj,running_time,gap
91458.19914689503,0.0047681,0.0
