obj,running_time,gap
21790.84662940731,0.0016735,0.0
