obj,running_time,gap
6531.169725650972,0.0002968,0.0
