obj,running_time,gap
7281.589090612906,0.000716,0.0
