obj,running_time,gap
95207.48680087512,0.0048306,0.0
