obj,running_time,gap
7144.879354332864,0.0019641,0.0
