obj,running_time,gap
14479.872222242619,0.0007457,0.0
