obj,running_time,gap
7776.990144631615,0.0002787,0.0
