obj,running_time,gap
9466.551159333592,0.0008622,0.0
