obj,running_time,gap
6997.265074419675,0.0007312,0.0
