obj,running_time,gap
124535.91141984441,0.0027195,0.0
