obj,running_time,gap
7295.86562014261,0.0005709,0.0
