obj,running_time,gap
6534.869813359156,0.0003212,0.0
