obj,running_time,gap
7416.904602782504,0.0008551,0.0
