obj,running_time,gap
83395.94201843353,0.0050384,0.0
