obj,running_time,gap
10454.56629110483,0.0003475,0.0
