obj,running_time,gap
6918.772359501935,0.0003785,0.0
