obj,running_time,gap
8352.438931711342,0.000841,0.0
