obj,running_time,gap
128099.79423254057,0.002768,0.0
