obj,running_time,gap
6780.449943740203,0.0009414,0.0
