obj,running_time,gap
8207.94134498635,0.0008031,0.0
