obj,running_time,gap
7074.894219802413,0.0006868,0.0
