obj,running_time,gap
7272.68679554594,0.0002305,0.0
