obj,running_time,gap
15467.822739434221,0.0007509,0.0
