obj,running_time,gap
5096.194498865157,0.0005777,0.0
