obj,running_time,gap
7861.725868878575,0.0008631,0.0
