obj,running_time,gap
9133.803251309484,0.0006472,0.0
