obj,running_time,gap
7381.564145683464,0.0006957,0.0
