obj,running_time,gap
14331.127333302524,0.0010918,0.0
