obj,running_time,gap
44977.62662769864,0.0027006,0.0
