obj,running_time,gap
8017.71750515239,0.000132,0.0
