obj,running_time,gap
6256.902897733882,0.0005289,0.0
