obj,running_time,gap
5642.528620820982,0.000644,0.0
