obj,running_time,gap
55484.36647766879,0.0017006,0.0
