obj,running_time,gap
27939.504508654132,0.0010748,0.0
