obj,running_time,gap
7285.494929180224,0.0002959,0.0
