obj,running_time,gap
86573.16153788033,0.005006,0.0
