obj,running_time,gap
8409.461399011954,0.0003365,0.0
