obj,running_time,gap
30424.642653369887,0.0002258,0.0
