obj,running_time,gap
8602.047236121894,0.0006408,0.0
