obj,running_time,gap
88326.76412366019,0.004876,0.0
