obj,running_time,gap
29229.870789017346,0.0003091,0.0
