obj,running_time,gap
63143.092531784845,0.0017166,0.0
