obj,running_time,gap
10561.416234446115,0.000194,0.0
