obj,running_time,gap
6910.892371669559,0.0006047,0.0
