obj,running_time,gap
7114.459537377513,0.0006536,0.0
