obj,running_time,gap
52508.510448655594,0.0003854,0.0
