obj,running_time,gap
8353.860430675271,0.0003186,0.0
