obj,running_time,gap
6997.744001018578,0.0005404,0.0
