obj,running_time,gap
7722.371954093592,0.0005838,0.0
