obj,running_time,gap
44203.7307387578,0.0027547,0.0
