obj,running_time,gap
110656.25466109788,0.0031002,0.0
