obj,running_time,gap
5755.065522189261,0.000666,0.0
