obj,running_time,gap
131145.22032710255,0.0028613,0.0
