obj,running_time,gap
7285.494929180224,0.0005779,0.0
