obj,running_time,gap
12044.377825167188,0.0011182,0.0
