obj,running_time,gap
44855.23201258745,0.0027216,0.0
