obj,running_time,gap
27847.18014806178,0.0011351,0.0
