obj,running_time,gap
17281.029960150827,0.0001471,0.0
