obj,running_time,gap
6408.922121051608,0.0006954,0.0
