obj,running_time,gap
15838.658630881524,0.0001814,0.0
