obj,running_time,gap
16344.352557315808,0.0003677,0.0
