obj,running_time,gap
21255.712792854054,0.0017043,0.0
