obj,running_time,gap
54444.27776143273,0.0017127,0.0
