obj,running_time,gap
7489.479845271497,0.0006786,0.0
