obj,running_time,gap
27466.819126032402,0.0019574,0.0
