obj,running_time,gap
70321.09496002903,0.0021504,0.0
