obj,running_time,gap
43621.4094017713,0.003758,0.0
