obj,running_time,gap
52713.26382478767,0.001626,0.0
