obj,running_time,gap
52292.80151726502,0.000409,0.0
