obj,running_time,gap
5719.640586638169,0.000255,0.0
