obj,running_time,gap
5719.640586638169,0.0005665,0.0
