obj,running_time,gap
14665.81818945104,0.0011401,0.0
