obj,running_time,gap
12816.84688697999,0.0010969,0.0
