obj,running_time,gap
16815.31339602964,0.0001453,0.0
