obj,running_time,gap
11785.905211886013,0.0011129,0.0
