obj,running_time,gap
6422.7112881381545,0.0003273,0.0
