obj,running_time,gap
23612.351119200608,0.0016608,0.0
