obj,running_time,gap
6202.8013641630505,0.0006163,0.0
