obj,running_time,gap
16013.50002418786,0.0008228,0.0
