obj,running_time,gap
7416.904602782504,0.0001349,0.0
