obj,running_time,gap
8765.32905926828,0.000808,0.0
