obj,running_time,gap
7546.987195548586,0.0006783,0.0
