obj,running_time,gap
31047.166099398873,0.0011899,0.0
