obj,running_time,gap
8602.047236121894,0.000199,0.0
