obj,running_time,gap
5642.528620820982,0.0006008,0.0
