obj,running_time,gap
28528.58257781992,0.0003975,0.0
