obj,running_time,gap
89772.23290825126,0.0047958,0.0
