obj,running_time,gap
6233.963828114157,0.0002839,0.0
