obj,running_time,gap
16769.531461880797,0.0001466,0.0
