obj,running_time,gap
7450.068739688086,0.0008201,0.0
