obj,running_time,gap
12816.84688697999,0.0001329,0.0
