obj,running_time,gap
6571.354308760949,0.000872,0.0
