obj,running_time,gap
17931.15083172363,0.0003237,0.0
