obj,running_time,gap
6785.25594566157,0.0002423,0.0
