obj,running_time,gap
7823.61662883425,0.0006076,0.0
