obj,running_time,gap
7889.8424305484905,0.0002169,0.0
