obj,running_time,gap
6785.25594566157,0.0007547,0.0
