obj,running_time,gap
7037.837417324216,0.0004467,0.0
