obj,running_time,gap
8661.72704060798,0.0002454,0.0
