obj,running_time,gap
7362.540168586475,0.0003095,0.0
