obj,running_time,gap
62162.98501716843,0.0016872,0.0
