obj,running_time,gap
10247.170593023835,0.0002787,0.0
