obj,running_time,gap
5793.414789216704,0.0004343,0.0
