obj,running_time,gap
30185.495811811867,0.0001542,0.0
