obj,running_time,gap
6764.335464025906,0.0002677,0.0
