obj,running_time,gap
53236.29612586999,0.0003888,0.0
