obj,running_time,gap
7160.854381885784,0.0001307,0.0
