obj,running_time,gap
10985.011896471366,0.0002809,0.0
