obj,running_time,gap
7773.2345698333975,0.0008552,0.0
