obj,running_time,gap
7462.408025014535,0.0003065,0.0
