obj,running_time,gap
7666.567061673683,0.0008313,0.0
