obj,running_time,gap
11753.394040093604,0.0001352,0.0
