obj,running_time,gap
8063.626947033799,0.0007066,0.0
