obj,running_time,gap
6833.120620454647,0.000313,0.0
