obj,running_time,gap
7796.573423270563,0.0013526,0.0
