obj,running_time,gap
12503.80645385126,0.0011927,0.0
