obj,running_time,gap
7318.261461988151,0.000205,0.0
