obj,running_time,gap
6947.982904247678,0.0006488,0.0
