obj,running_time,gap
62527.29252479668,0.0016159,0.0
