obj,running_time,gap
5399.685659022344,0.0007272,0.0
