obj,running_time,gap
7796.573423270563,0.0006196,0.0
