obj,running_time,gap
24463.10821635645,0.0016491,0.0
