obj,running_time,gap
47487.787226237364,0.0027177,0.0
