obj,running_time,gap
7320.023256127246,0.000294,0.0
