obj,running_time,gap
10904.037615454059,0.0003359,0.0
