obj,running_time,gap
7281.589090612906,0.0005232,0.0
