obj,running_time,gap
8207.94134498635,0.00083,0.0
