obj,running_time,gap
53129.23887757146,0.0003689,0.0
