obj,running_time,gap
8234.089627744423,0.0001746,0.0
