obj,running_time,gap
7450.068739688086,0.0007129,0.0
