obj,running_time,gap
11840.81731690733,0.0012097,0.0
