obj,running_time,gap
9857.084754108153,0.0006984,0.0
