obj,running_time,gap
7043.440861612816,0.0001958,0.0
