obj,running_time,gap
6336.579316528125,0.0010265,0.0
