obj,running_time,gap
6135.684451152414,0.0001376,0.0
