obj,running_time,gap
92867.39603705377,0.0048002,0.0
