obj,running_time,gap
7362.540168586475,0.0007608,0.0
