obj,running_time,gap
12648.464662675073,0.0010884,0.0
