obj,running_time,gap
7367.59998679703,0.0002853,0.0
