obj,running_time,gap
114808.10743998646,0.0026836,0.0
