obj,running_time,gap
17261.596451227342,0.0001472,0.0
