obj,running_time,gap
8017.71750515239,0.0005038,0.0
