obj,running_time,gap
29621.51500369987,0.0013443,0.0
