obj,running_time,gap
7292.733838294931,0.0006039,0.0
