obj,running_time,gap
8063.626947033799,0.000134,0.0
