obj,running_time,gap
16688.560367078142,0.0003781,0.0
