obj,running_time,gap
7160.854381885784,0.000526,0.0
