obj,running_time,gap
14648.452550761167,0.0007839,0.0
