obj,running_time,gap
12522.234640212635,0.0010261,0.0
