obj,running_time,gap
8352.438931711342,0.0002641,0.0
