obj,running_time,gap
7400.025609909973,0.000642,0.0
