obj,running_time,gap
64803.62646116932,0.0018451,0.0
