obj,running_time,gap
5371.905605885514,0.0005392,0.0
