obj,running_time,gap
57705.92220031314,0.0023814,0.0
