obj,running_time,gap
5847.753562100707,0.0001761,0.0
