obj,running_time,gap
6193.260942729071,0.0001299,0.0
