obj,running_time,gap
9466.551159333592,0.0008009,0.0
