obj,running_time,gap
44889.561677181664,0.0027645,0.0
