obj,running_time,gap
12648.464662675073,0.000766,0.0
