obj,running_time,gap
7015.79880469112,0.0008969,0.0
