obj,running_time,gap
13237.412950043683,0.0007536,0.0
