obj,running_time,gap
7850.128222625747,0.0006309,0.0
