obj,running_time,gap
12932.98513445862,0.0011202,0.0
