obj,running_time,gap
32774.008538078575,0.0011275,0.0
