obj,running_time,gap
133088.17170777638,0.0034501,0.0
