obj,running_time,gap
12191.147644906301,0.0010562,0.0
