obj,running_time,gap
8353.860430675271,0.0007614,0.0
