obj,running_time,gap
13309.41526077028,0.0012139,0.0
