obj,running_time,gap
27866.89680170521,0.0010392,0.0
