obj,running_time,gap
26762.074958139594,0.001907,0.0
