obj,running_time,gap
10537.191386645714,0.0003492,0.0
