obj,running_time,gap
6991.202741612686,0.000282,0.0
