obj,running_time,gap
6767.709985235071,0.000652,0.0
