obj,running_time,gap
56620.14546055645,0.0004299,0.0
