obj,running_time,gap
6878.224802182743,0.000543,0.0
