obj,running_time,gap
14697.906152972908,0.0008043,0.0
