obj,running_time,gap
30877.069994834208,0.0010872,0.0
