obj,running_time,gap
8015.354264447494,0.0007545,0.0
