obj,running_time,gap
7405.763205334503,0.0005456,0.0
