obj,running_time,gap
7070.786754558862,0.0006743,0.0
