obj,running_time,gap
23818.956745570908,0.0016934,0.0
