obj,running_time,gap
6918.772359501935,0.0011897,0.0
