obj,running_time,gap
28035.54178538122,0.0003895,0.0
