obj,running_time,gap
12968.226524893826,0.0010114,0.0
