obj,running_time,gap
106080.12620519786,0.0028543,0.0
