obj,running_time,gap
115500.88544821188,0.0028579,0.0
