obj,running_time,gap
10766.291333031431,0.0002714,0.0
