obj,running_time,gap
7978.6533794621455,0.0009007,0.0
