obj,running_time,gap
12783.28544418043,0.0010641,0.0
