obj,running_time,gap
131963.80289747502,0.003385,0.0
