obj,running_time,gap
24115.306895528047,0.0016728,0.0
