obj,running_time,gap
24670.970117913206,0.0015939,0.0
