obj,running_time,gap
30272.464001334138,0.0013139,0.0
