obj,running_time,gap
7696.292212350594,0.0001385,0.0
