obj,running_time,gap
6460.301076354524,0.0005547,0.0
