obj,running_time,gap
5327.642098967755,0.0001526,0.0
