obj,running_time,gap
7264.772643772956,0.0008007,0.0
