obj,running_time,gap
6256.902897733882,0.000758,0.0
