obj,running_time,gap
31147.97955841924,0.0011423,0.0
