obj,running_time,gap
9133.803251309484,0.0007595,0.0
