obj,running_time,gap
6733.456746560816,0.0005593,0.0
