obj,running_time,gap
57970.582097766135,0.0017132,0.0
