obj,running_time,gap
6601.919008676701,0.0002225,0.0
