obj,running_time,gap
6923.162459651818,0.0005909,0.0
