obj,running_time,gap
7748.640342399909,0.0003617,0.0
