obj,running_time,gap
17741.928884971632,0.0003659,0.0
