obj,running_time,gap
7295.86562014261,0.0007193,0.0
