obj,running_time,gap
58836.71634334819,0.0015181,0.0
