obj,running_time,gap
6991.202741612686,0.000582,0.0
