obj,running_time,gap
11604.6206649435,0.0001345,0.0
