obj,running_time,gap
53622.73006302323,0.0018342,0.0
