obj,running_time,gap
12665.983102032009,0.0010269,0.0
