obj,running_time,gap
7858.626726343902,0.0006891,0.0
