obj,running_time,gap
53405.1795255882,0.0003648,0.0
