obj,running_time,gap
54027.58268450407,0.0004288,0.0
