obj,running_time,gap
65366.34570589298,0.001513,0.0
