obj,running_time,gap
6460.301076354524,0.0001576,0.0
