obj,running_time,gap
51603.19379521231,0.0003297,0.0
