obj,running_time,gap
6961.061108904303,0.0005446,0.0
