obj,running_time,gap
14214.240883521896,0.0011423,0.0
