obj,running_time,gap
6539.152602465339,0.0003311,0.0
