obj,running_time,gap
7805.440768208622,0.0002757,0.0
