obj,running_time,gap
6548.789038746818,0.0006177,0.0
