obj,running_time,gap
12788.023918986528,0.0011865,0.0
