obj,running_time,gap
8063.626947033799,0.0006344,0.0
