obj,running_time,gap
6956.103820526759,0.0005974,0.0
