obj,running_time,gap
7590.319757957231,0.0008343,0.0
