obj,running_time,gap
30377.433767654995,0.0003621,0.0
