obj,running_time,gap
26452.03550803421,0.0010958,0.0
