obj,running_time,gap
27876.464254019917,0.0010535,0.0
