obj,running_time,gap
6380.017342331779,0.000693,0.0
