obj,running_time,gap
13009.766253690388,0.0011757,0.0
