obj,running_time,gap
44069.074399133955,0.0026836,0.0
