obj,running_time,gap
6991.202741612686,0.0008457,0.0
