obj,running_time,gap
6884.408946118054,0.0008292,0.0
