obj,running_time,gap
7123.940611194127,0.000884,0.0
