obj,running_time,gap
67164.24346259431,0.0018294,0.0
