obj,running_time,gap
10831.502108739322,0.00027,0.0
