obj,running_time,gap
14655.480406333565,0.0007486,0.0
