obj,running_time,gap
7697.3249121658,0.0006565,0.0
