obj,running_time,gap
48951.04854510559,0.0026779,0.0
