obj,running_time,gap
8174.292232230422,0.0008041,0.0
