obj,running_time,gap
7041.46317870842,0.0008106,0.0
