obj,running_time,gap
8017.71750515239,0.0007484,0.0
