obj,running_time,gap
29962.68374031565,0.0003408,0.0
