obj,running_time,gap
23619.550991318385,0.001947,0.0
