obj,running_time,gap
46321.777000732014,0.0030392,0.0
