obj,running_time,gap
5770.184942068491,0.0005096,0.0
