obj,running_time,gap
5539.337317973541,0.0002811,0.0
