obj,running_time,gap
18380.83257042586,0.0007785,0.0
