obj,running_time,gap
52545.62804660318,0.0003897,0.0
