obj,running_time,gap
30582.25586374829,0.0003678,0.0
