obj,running_time,gap
7796.573423270563,0.000417,0.0
