obj,running_time,gap
11160.114627586263,0.0001421,0.0
