obj,running_time,gap
8499.642417524195,0.0006224,0.0
