obj,running_time,gap
7489.479845271497,0.0006509,0.0
