obj,running_time,gap
7292.733838294931,0.0001769,0.0
