obj,running_time,gap
7041.46317870842,0.0009612,0.0
