obj,running_time,gap
110511.76411066792,0.0028309,0.0
