obj,running_time,gap
55652.867168659584,0.0016729,0.0
