obj,running_time,gap
8065.9532594504035,0.0003082,0.0
