obj,running_time,gap
7767.316601622563,0.0008704,0.0
