obj,running_time,gap
9038.181231535147,0.0005822,0.0
