obj,running_time,gap
52200.443427253966,0.0003905,0.0
