obj,running_time,gap
14778.57145497241,0.0008147,0.0
