obj,running_time,gap
7797.304562713841,0.0006833,0.0
