obj,running_time,gap
5242.664467880413,0.0001926,0.0
