obj,running_time,gap
7398.602935870187,0.0006819,0.0
