obj,running_time,gap
17807.523637485723,0.0003602,0.0
