obj,running_time,gap
21830.222030547076,0.0015826,0.0
