obj,running_time,gap
7722.371954093592,0.0001611,0.0
