obj,running_time,gap
5408.6464698424625,0.0007166,0.0
