obj,running_time,gap
12576.75288036677,0.001067,0.0
