obj,running_time,gap
13883.223765251721,0.0009166,0.0
