obj,running_time,gap
8167.817600463191,0.0008372,0.0
