obj,running_time,gap
23240.081007865432,0.0015432,0.0
