obj,running_time,gap
8574.445631760755,0.0006469,0.0
