obj,running_time,gap
7748.640342399909,0.0006169,0.0
