obj,running_time,gap
6707.012051335577,0.0001354,0.0
