obj,running_time,gap
6548.789038746818,0.0004799,0.0
