obj,running_time,gap
47827.4954771419,0.0026797,0.0
