obj,running_time,gap
93840.25507437377,0.005387,0.0
