obj,running_time,gap
15043.471545664172,0.0003389,0.0
