obj,running_time,gap
7167.088471283666,0.0009038,0.0
