obj,running_time,gap
7367.59998679703,0.0006879,0.0
