obj,running_time,gap
7922.924697408809,0.0002286,0.0
