obj,running_time,gap
21735.261968774466,0.0036993,0.0
