obj,running_time,gap
16766.240465446273,0.0009055,0.0
