obj,running_time,gap
6286.658535716484,0.0002497,0.0
