obj,running_time,gap
5612.075532577395,0.000321,0.0
