obj,running_time,gap
7738.190860697972,0.0008022,0.0
