obj,running_time,gap
108893.1378335573,0.0034538,0.0
