obj,running_time,gap
7697.3249121658,0.0005238,0.0
