obj,running_time,gap
6465.377740466286,0.0002586,0.0
