obj,running_time,gap
44743.6947637119,0.002758,0.0
