obj,running_time,gap
7221.543368841747,0.0001318,0.0
