obj,running_time,gap
7318.261461988151,0.0007511,0.0
