obj,running_time,gap
7398.602935870187,0.0003057,0.0
