obj,running_time,gap
6404.60975618987,0.0001295,0.0
