obj,running_time,gap
11037.962332252608,0.0013191,0.0
