obj,running_time,gap
30762.650218061943,0.0003464,0.0
