obj,running_time,gap
7381.564145683464,0.0001734,0.0
