obj,running_time,gap
8182.465546316498,0.0003314,0.0
