obj,running_time,gap
6101.349127430408,0.0001636,0.0
