obj,running_time,gap
7167.088471283666,0.0001335,0.0
