obj,running_time,gap
6910.892371669559,0.0006181,0.0
