obj,running_time,gap
7805.440768208622,0.0005716,0.0
