obj,running_time,gap
8207.94134498635,0.0003016,0.0
