obj,running_time,gap
8174.292232230422,0.0006274,0.0
