obj,running_time,gap
28308.39378095761,0.0002863,0.0
