obj,running_time,gap
8004.783180062739,0.0002176,0.0
