obj,running_time,gap
7165.191847642427,0.0007374,0.0
