obj,running_time,gap
15731.076637400047,0.0008322,0.0
