obj,running_time,gap
8368.939446792208,0.0006546,0.0
