obj,running_time,gap
6086.974093304449,0.0006239,0.0
