obj,running_time,gap
8661.72704060798,0.0007998,0.0
