obj,running_time,gap
28108.747008896255,0.0003595,0.0
