obj,running_time,gap
7709.654633146188,0.0003485,0.0
