obj,running_time,gap
10985.011896471366,0.0017111,0.0
