obj,running_time,gap
16126.52193317177,0.0011216,0.0
