obj,running_time,gap
7844.3277983627595,0.0002988,0.0
