obj,running_time,gap
93562.87915214787,0.0107602,0.0
