obj,running_time,gap
6733.456746560816,0.0001762,0.0
