obj,running_time,gap
22659.949814520667,0.0018028,0.0
