obj,running_time,gap
7043.511312757911,0.0003415,0.0
