obj,running_time,gap
6884.408946118054,0.0001892,0.0
