obj,running_time,gap
7823.61662883425,0.0007761,0.0
