obj,running_time,gap
6135.684451152414,0.0046563,0.0
