obj,running_time,gap
7165.191847642427,0.0003146,0.0
