obj,running_time,gap
7738.190860697972,0.0008573,0.0
