obj,running_time,gap
7304.698446814122,0.0009101,0.0
