obj,running_time,gap
5537.877745530291,0.0010406,0.0
