obj,running_time,gap
6012.393924285778,0.0002599,0.0
