obj,running_time,gap
30582.168903503436,0.00036,0.0
