obj,running_time,gap
7156.163734147534,0.0001417,0.0
