obj,running_time,gap
5539.337317973541,0.0006123,0.0
