obj,running_time,gap
8112.807721743729,0.0002337,0.0
