obj,running_time,gap
8499.642417524195,0.0001887,0.0
