obj,running_time,gap
7519.619246694449,0.0002635,0.0
