obj,running_time,gap
5382.28986150411,0.0004618,0.0
