obj,running_time,gap
7922.924697408809,0.000832,0.0
