obj,running_time,gap
7123.940611194127,0.0002742,0.0
