obj,running_time,gap
7100.505516777966,0.0008907,0.0
