obj,running_time,gap
51393.85229017604,0.0003419,0.0
