obj,running_time,gap
44661.89071436672,0.0027581,0.0
