obj,running_time,gap
15071.628761647658,0.0008363,0.0
