obj,running_time,gap
111673.68356355342,0.003094,0.0
