obj,running_time,gap
13676.902061861441,0.0008043,0.0
