obj,running_time,gap
45567.20776329089,0.0026709,0.0
