obj,running_time,gap
7722.371954093592,0.0007945,0.0
