obj,running_time,gap
7037.837417324216,0.000625,0.0
