obj,running_time,gap
24032.772546925047,0.0016888,0.0
