obj,running_time,gap
8602.047236121894,0.0007208,0.0
