obj,running_time,gap
6233.963828114157,0.0004417,0.0
