obj,running_time,gap
8174.292232230422,0.0002788,0.0
