obj,running_time,gap
7546.987195548586,0.0001334,0.0
