obj,running_time,gap
12117.552224615612,0.0001943,0.0
