obj,running_time,gap
5274.096931928278,0.0012839,0.0
