obj,running_time,gap
46110.65842349428,0.0026681,0.0
