obj,running_time,gap
56573.18262013983,0.0016845,0.0
