obj,running_time,gap
16168.520054674826,0.0003259,0.0
