obj,running_time,gap
16600.75217404771,0.0003118,0.0
