obj,running_time,gap
47265.812845648805,0.0029928,0.0
