obj,running_time,gap
115856.06926509477,0.0034833,0.0
