obj,running_time,gap
7156.163734147534,0.0006447,0.0
