obj,running_time,gap
45519.569752081676,0.002714,0.0
