obj,running_time,gap
55369.62882090156,0.0003879,0.0
