obj,running_time,gap
55414.83134522754,0.0003598,0.0
