obj,running_time,gap
6380.017342331779,0.000566,0.0
