obj,running_time,gap
130083.39375237082,0.0025946,0.0
