obj,running_time,gap
7990.024932371038,0.0007583,0.0
