obj,running_time,gap
8452.983848101532,0.0006736,0.0
