obj,running_time,gap
6878.224802182743,0.0001385,0.0
