obj,running_time,gap
6503.7980429316585,0.0007495,0.0
