obj,running_time,gap
6422.7112881381545,0.0007035,0.0
