obj,running_time,gap
91248.69698145341,0.0051442,0.0
