obj,running_time,gap
11182.24666496104,0.0002719,0.0
