obj,running_time,gap
44337.26674635887,0.0027041,0.0
