obj,running_time,gap
7015.79880469112,0.000568,0.0
