obj,running_time,gap
9741.28015654904,0.0007266,0.0
