obj,running_time,gap
7990.024932371038,0.0001522,0.0
