obj,running_time,gap
7208.250300290899,0.0003147,0.0
