obj,running_time,gap
84191.22925410133,0.0048944,0.0
