obj,running_time,gap
5242.664467880413,0.0006212,0.0
