obj,running_time,gap
7272.68679554594,0.0008041,0.0
