obj,running_time,gap
105945.77986822116,0.0030232,0.0
