obj,running_time,gap
91216.50279693706,0.0063084,0.0
