obj,running_time,gap
108393.26292374617,0.003506,0.0
