obj,running_time,gap
11260.356814985653,0.0003616,0.0
