obj,running_time,gap
84989.40125522856,0.0051909,0.0
