obj,running_time,gap
117186.61446904128,0.002747,0.0
