obj,running_time,gap
5399.685659022344,0.0007091,0.0
