obj,running_time,gap
17326.700328535753,0.0003388,0.0
