obj,running_time,gap
6750.7627290128385,0.0005704,0.0
