obj,running_time,gap
7299.36552472238,0.0001315,0.0
