obj,running_time,gap
6534.869813359156,0.0004455,0.0
