obj,running_time,gap
7521.718590350797,0.0001498,0.0
