obj,running_time,gap
17455.04179802529,0.0001491,0.0
