obj,running_time,gap
8452.983848101532,0.000309,0.0
