obj,running_time,gap
7773.2345698333975,0.0003234,0.0
