obj,running_time,gap
7972.4932132619,0.0003039,0.0
