obj,running_time,gap
22627.732365544653,0.0017073,0.0
