obj,running_time,gap
7036.882692986194,0.0008479,0.0
