obj,running_time,gap
47302.25397877469,0.0034733,0.0
