obj,running_time,gap
6863.762504323247,0.0008808,0.0
