obj,running_time,gap
7678.430896826186,0.000602,0.0
