obj,running_time,gap
7776.990144631615,0.0007947,0.0
