obj,running_time,gap
7144.879354332864,0.0003973,0.0
