obj,running_time,gap
8765.32905926828,0.0006624,0.0
