obj,running_time,gap
8277.965073059928,0.0008972,0.0
