obj,running_time,gap
30982.663704406503,0.0011376,0.0
