obj,running_time,gap
7100.505516777966,0.00038,0.0
