obj,running_time,gap
22224.736304065078,0.001701,0.0
