obj,running_time,gap
90210.39481592273,0.0047933,0.0
