obj,running_time,gap
7037.837417324216,0.00073,0.0
