obj,running_time,gap
22592.234586538838,0.0016991,0.0
