obj,running_time,gap
28484.892037815778,0.0002644,0.0
