obj,running_time,gap
6612.097694744932,0.000134,0.0
