obj,running_time,gap
6422.7112881381545,0.0004956,0.0
