obj,running_time,gap
7889.8424305484905,0.0005686,0.0
