obj,running_time,gap
31265.92884607877,0.0010956,0.0
