obj,running_time,gap
6101.349127430408,0.0006412,0.0
