obj,running_time,gap
6336.579316528125,0.0001853,0.0
