obj,running_time,gap
27704.47987454586,0.0004022,0.0
