obj,running_time,gap
8004.783180062739,0.000651,0.0
