obj,running_time,gap
16458.91802364758,0.0001647,0.0
