obj,running_time,gap
7221.543368841747,0.0005738,0.0
