obj,running_time,gap
24080.689703490945,0.0017118,0.0
