obj,running_time,gap
6710.9117136875375,0.0006443,0.0
