obj,running_time,gap
15007.533927529514,0.0010511,0.0
