obj,running_time,gap
42458.33419863244,0.0027038,0.0
