obj,running_time,gap
8452.983848101532,0.0015408,0.0
