obj,running_time,gap
6539.152602465339,0.0006964,0.0
