obj,running_time,gap
7396.757787332247,0.0002623,0.0
