obj,running_time,gap
28348.73128656334,0.0002863,0.0
