obj,running_time,gap
8234.089627744423,0.000777,0.0
