obj,running_time,gap
8167.817600463191,0.0007456,0.0
