obj,running_time,gap
6612.097694744932,0.0006256,0.0
