obj,running_time,gap
6571.354308760949,0.0005665,0.0
