obj,running_time,gap
6424.282401372186,0.000469,0.0
