obj,running_time,gap
28461.04011945241,0.0001621,0.0
