obj,running_time,gap
6503.7980429316585,0.0002065,0.0
