obj,running_time,gap
52093.30592249096,0.0004032,0.0
