obj,running_time,gap
28572.285620648712,0.0002687,0.0
