obj,running_time,gap
116392.49042016572,0.0027393,0.0
