obj,running_time,gap
47979.17630256549,0.0027009,0.0
