obj,running_time,gap
13694.337009845029,0.0009119,0.0
