obj,running_time,gap
7546.987195548586,0.0007453,0.0
