obj,running_time,gap
7842.568224153063,0.0007249,0.0
