obj,running_time,gap
21699.787695117488,0.0016352,0.0
