obj,running_time,gap
83979.31818165816,0.0049605,0.0
