obj,running_time,gap
7400.025609909973,0.0005841,0.0
