obj,running_time,gap
7026.400791302318,0.0006575,0.0
