obj,running_time,gap
6630.10266161756,0.0007723,0.0
