obj,running_time,gap
6956.103820526759,0.0001528,0.0
